charger_id,city,charger_power_kw,mean_demand,mean_utilization,mean_energy_kwh
CHG-BLR-005,Bengaluru,7.4,0.5627961643835616,0.5290562214611872,3.5819760273972605
CHG-BLR-006,Bengaluru,22.0,0.567774600456621,0.5335871461187215,10.748191780821918
CHG-DEL-003,New Delhi,50.0,0.5593978310502283,0.5259847374429224,24.07244292237443
CHG-DEL-004,New Delhi,7.4,0.5443711073059361,0.5114865525114155,3.464788812785388
CHG-HYD-010,Hyderabad,60.0,0.5496266210045662,0.5167410730593607,28.365114155251142
CHG-MUM-007,Mumbai,60.0,0.5708144634703197,0.5368314611872147,29.458325342465752
CHG-MUM-008,Mumbai,7.4,0.5552625114155251,0.5219361872146119,3.534560502283105
CHG-NCR-001,Noida,7.4,0.4976940068493151,0.4678295547945205,3.167868721461187
CHG-NCR-002,Noida,60.0,0.5325000570776256,0.5002764497716895,27.462671232876712
CHG-PUN-009,Pune,22.0,0.5355805593607306,0.5035523173515982,10.13776484018265
