hour,mean_demand,std_demand,min_demand,max_demand
0,0.19053101369863015,0.0742677103864295,0.05,0.407
1,0.1685039178082192,0.07096193803361249,0.05,0.3929
2,0.1581131780821918,0.06902442876654728,0.05,0.3705
3,0.16332863013698629,0.06988422673328153,0.05,0.3857
4,0.21097342465753424,0.07269867576124167,0.05,0.4252
5,0.32496731506849313,0.0898692234457525,0.05,0.5662
6,0.511990191780822,0.14122006355109035,0.1231,0.7967
7,0.6713754520547945,0.17788602333524692,0.2157,0.98
8,0.7670899999999999,0.15279824809798748,0.3417,0.98
9,0.780869095890411,0.09512714330731817,0.4811,0.98
10,0.6737941095890411,0.10335337793166992,0.3027,0.9682
11,0.6183602739726027,0.14762205332366216,0.2752,0.98
12,0.6040374794520549,0.16957390203786113,0.2771,0.98
13,0.5804724657534246,0.16620008106236872,0.2212,0.98
14,0.6013841095890411,0.13961394644430355,0.2961,0.98
15,0.664372191780822,0.11759329611256837,0.37,0.98
16,0.7665579726027397,0.08954424553366466,0.5096,0.98
17,0.8773394794520548,0.0752321804541563,0.6292,0.98
18,0.9078183561643836,0.06685297442246245,0.6492,0.98
19,0.8725523835616439,0.07764847506188587,0.6165,0.98
20,0.7607313150684931,0.07899460650661909,0.5412,0.98
21,0.5723787397260275,0.07507856849346113,0.2939,0.791
22,0.42435789041095895,0.0730291491331894,0.2224,0.6488
23,0.27006402739726026,0.07535499060184639,0.05,0.5236
