month,mean,std,count
1,0.4580136805555555,0.25939742641662583,7200
2,0.4775875862068965,0.25950864265474605,6960
3,0.5274876209677419,0.26404039190800227,7440
4,0.5561873194444444,0.26494311062422554,7200
5,0.6058095698924731,0.2589186178472215,7440
6,0.5876490694444444,0.2609484802395298,7200
7,0.487310376344086,0.26097558343596855,7440
8,0.4971856317204301,0.26154372597854525,7440
9,0.5377054861111111,0.261282291191227,7200
10,0.623151061827957,0.26051931069501866,7440
11,0.6426423055555556,0.25609567375837583,7200
12,0.5671647177419354,0.26112775569591445,7440
