charger_id,city,state,district,latitude,longitude,power_kw,charger_type,connector_type,is_fast_charger,source_station_id,source_type,hardware_basis,calibration_note
CHG-MYS-001,Mysore,Karnataka,Mysuru,12.3051,76.6552,7.4,Level 2,Type 2,0,MYSORE_PALACE_P2P,SYNTHETIC_MYSORE,SYNTHETIC_MYSORE,"Mysore Palace visitor parking P2P charger; high tourist demand patterns especially during Dasara festival"
CHG-MYS-002,Mysore,Karnataka,Mysuru,12.2725,76.6727,11.0,Level 2,Type 2,0,CHAMUNDI_HILLS_P2P,SYNTHETIC_MYSORE,SYNTHETIC_MYSORE,"Chamundi Hills temple viewpoint charger; peak demand during morning and evening prayer hours, high weekend traffic"
CHG-MYS-003,Mysore,Karnataka,Mysuru,12.4258,76.5749,50.0,Fast DC,CCS2,1,KRS_DAM_FASTDC,SYNTHETIC_MYSORE,SYNTHETIC_MYSORE,"KRS Dam visitor center fast charger; elevated demand during monsoon season and weekends"
CHG-MYS-004,Mysore,Karnataka,Mysuru,12.3118,76.6394,7.4,Level 2,Type 2,0,INFOSYS_CAMPUS_P2P,SYNTHETIC_MYSORE,SYNTHETIC_MYSORE,"Infosys Mysore campus gate charger; weekday office hours demand, minimal weekend usage"
CHG-MYS-005,Mysore,Karnataka,Mysuru,12.3060,76.6394,11.0,Level 2,Type 2,0,MALL_OF_MYSORE_P2P,SYNTHETIC_MYSORE,SYNTHETIC_MYSORE,"Mall of Mysore underground parking charger; lunch and evening shopping peaks, festival season boost"
CHG-MYS-006,Mysore,Karnataka,Mysuru,12.3077,76.6512,7.4,Level 2,Type 2,0,RAILWAY_STATION_P2P,SYNTHETIC_MYSORE,SYNTHETIC_MYSORE,"Mysore Railway Station P2P charger; morning and evening train arrival peaks, holiday travel boost"
CHG-MYS-007,Mysore,Karnataka,Mysuru,12.4244,76.5714,11.0,Level 2,Type 2,0,BRINDAVAN_GARDENS_P2P,SYNTHETIC_MYSORE,SYNTHETIC_MYSORE,"Brindavan Gardens visitor parking; evening musical fountain peak, weekend and monsoon demand"
CHG-MYS-008,Mysore,Karnataka,Mysuru,12.3134,76.6231,7.4,Level 2,Type 2,0,GOKULAM_RESIDENTIAL_P2P,SYNTHETIC_MYSORE,SYNTHETIC_MYSORE,"Gokulam residential society charger; morning commute and evening return peaks"
CHG-MYS-009,Mysore,Karnataka,Mysuru,12.3117,76.6394,7.4,Level 2,Type 2,0,UNIVERSITY_MYSORE_P2P,SYNTHETIC_MYSORE,SYNTHETIC_MYSORE,"University of Mysore campus charger; academic hours demand, minimal during summer vacation"
CHG-MYS-010,Mysore,Karnataka,Mysuru,12.3073,76.6561,7.4,Level 2,Type 2,0,DEVARAJA_MARKET_P2P,SYNTHETIC_MYSORE,SYNTHETIC_MYSORE,"Devaraja Market commercial charger; morning and evening market hours, festival season peaks"
CHG-MYS-011,Mysore,Karnataka,Mysuru,12.3015,76.6648,11.0,Level 2,Type 2,0,ZOO_VISITOR_P2P,SYNTHETIC_MYSORE,SYNTHETIC_MYSORE,"Mysore Zoo visitor parking charger; midday visitor peaks, high weekend demand, summer low season"
CHG-MYS-012,Mysore,Karnataka,Mysuru,12.3214,76.6211,7.4,Level 2,Type 2,0,JAYALAKSHMI_PURAM_P2P,SYNTHETIC_MYSORE,SYNTHETIC_MYSORE,"Jayalakshmipuram premium residential charger; commute hours demand with weekend boost"
CHG-MYS-013,Mysore,Karnataka,Mysuru,12.4150,76.6850,60.0,Fast DC,CCS2,1,HIGHWAY_SERVICE_PLAZA,SYNTHETIC_MYSORE,SYNTHETIC_MYSORE,"Highway service plaza fast charger; travel hours demand, holiday and weekend road trip traffic"
CHG-MYS-014,Mysore,Karnataka,Mysuru,12.3336,76.5893,7.4,Level 2,Type 2,0,HUNSUR_SUBURBAN_P2P,SYNTHETIC_MYSORE,SYNTHETIC_MYSORE,"Hunsur Road suburban charger; moderate commute demand with slight weekend increase"
CHG-MYS-015,Mysore,Karnataka,Mysuru,12.3173,76.6273,11.0,Level 2,Type 2,0,KUKKARAHALLI_LAKE_P2P,SYNTHETIC_MYSORE,SYNTHETIC_MYSORE,"Kukkarahalli Lake jogging track charger; morning walk and evening recreation peaks, weekend boost"
CHG-MYS-016,Mysore,Karnataka,Mysuru,12.2887,76.6489,7.4,Level 2,Type 2,0,LINGAMBUDHI_CFTRI_P2P,SYNTHETIC_MYSORE,SYNTHETIC_MYSORE,"Lingambudhi Lake CFTRI research institute charger; weekday working hours demand, minimal weekends"
