feature,classification,source,availability,calculation_method,missing_rate,used_for_generation,notes
charger_id,NODE_DEPENDENT (SEE MAPPING),EVsathi Charger Schema / Station Registry,AVAILABLE NOW,Station identifier string,0.0,True,Station identifier string. Represents individual station nodes; see station_calibration_mapping.csv for authoritative station-level provenance.
latitude,NODE_DEPENDENT (REAL / DERIVED / SYNTHETIC),BEE EV Yatra / OCM / Charger.location,AVAILABLE NOW,WGS84 Decimal Coordinate,0.0,True,"Station geographic coordinate. Provenance varies by station node: REAL_SOURCE (from BEE/data.gov.in), DERIVED_FROM_SOURCE (CHG-MUM-007 corrected BKC coordinate), or SYNTHETIC_REPRESENTATIVE (CHG-DEL-004 from cluster). Authoritative mapping in station_calibration_mapping.csv."
longitude,NODE_DEPENDENT (REAL / DERIVED / SYNTHETIC),BEE EV Yatra / OCM / Charger.location,AVAILABLE NOW,WGS84 Decimal Coordinate,0.0,True,"Station geographic coordinate. Provenance varies by station node: REAL_SOURCE (from BEE/data.gov.in), DERIVED_FROM_SOURCE (CHG-MUM-007 corrected BKC coordinate), or SYNTHETIC_REPRESENTATIVE (CHG-DEL-004 from cluster). Authoritative mapping in station_calibration_mapping.csv."
state,REAL,BEE / OCM / Charger.location,AVAILABLE NOW,Administrative State string,0.0,True,Target Indian State jurisdiction.
city,REAL,BEE / OCM / Charger.location,AVAILABLE NOW,City / Municipality string,0.0,True,Target Metropolitan Urban node.
hour,REAL,Timestamp (Datetime index),AVAILABLE NOW,dt.hour (0 to 23),0.0,True,Diurnal cycle indicator.
day_of_week,REAL,Timestamp (Datetime index),AVAILABLE NOW,"dt.dayofweek (0=Mon, 6=Sun)",0.0,True,Weekly cycle indicator.
month,REAL,Timestamp (Datetime index),AVAILABLE NOW,dt.month (1 to 12),0.0,True,Annual seasonal cycle indicator.
is_weekend,DERIVED,Timestamp (Datetime index),AVAILABLE NOW,"day_of_week in [5, 6]",0.0,True,Weekend leisure indicator.
is_holiday,DERIVED,Gazetted Holiday Calendar (DoPT),AVAILABLE NOW,Calendar date lookup against gazetted dates,0.0,True,Holiday mobility indicator derived from official DoPT calendar.
sin_hour,DERIVED,Feature Engineering (Hour),AVAILABLE NOW,sin(2 * pi * hour / 24),0.0,True,Cyclical angular hour transform.
cos_hour,DERIVED,Feature Engineering (Hour),AVAILABLE NOW,cos(2 * pi * hour / 24),0.0,True,Cyclical angular hour transform.
sin_day,DERIVED,Feature Engineering (Day of Week),AVAILABLE NOW,sin(2 * pi * day_of_week / 7),0.0,True,Cyclical angular day transform.
cos_day,DERIVED,Feature Engineering (Day of Week),AVAILABLE NOW,cos(2 * pi * day_of_week / 7),0.0,True,Cyclical angular day transform.
charger_power_kw,NODE_DEPENDENT (REAL / DERIVED / SYNTHETIC),Charger Specs / BEE / Charger.powerOutput,AVAILABLE NOW,Hardware power rating (kW),0.0,True,"Hardware power capacity rating (kW). Provenance varies by station node: REAL_SOURCE (grounded in BEE EV Yatra source records for CHG-NCR-002, CHG-DEL-003, CHG-BLR-005, CHG-BLR-006, CHG-PUN-009, CHG-HYD-010), DERIVED_FROM_SOURCE (CHG-MUM-007 modeled as single 60 kW bay of 120 kW dual-gun hub), or SYNTHETIC_REPRESENTATIVE (CHG-NCR-001, CHG-DEL-004, CHG-MUM-008 modeled as 7.4 kW Level 2 residential P2P chargers). Authoritative mapping in station_calibration_mapping.csv."
charger_type,NODE_DEPENDENT (REAL / DERIVED / SYNTHETIC),Charger Specs / BEE / Charger.chargerType,AVAILABLE NOW,"Categorical (Level 2, Fast DC)",0.0,True,Charging equipment classification (Level 2 or Fast DC). Station-level specification whose provenance aligns with each station's hardware basis in station_calibration_mapping.csv.
connector_type,NODE_DEPENDENT (REAL / DERIVED / SYNTHETIC),Charger Specs / BEE / Charger.connectorType,AVAILABLE NOW,"Categorical (Type 2, CCS2)",0.0,True,Standardized connector port interface (Type 2 or CCS2). Station-level specification whose provenance aligns with each station's hardware basis in station_calibration_mapping.csv.
is_fast_charger,DERIVED (NODE_DEPENDENT),Charger Specs / Charger.isFastCharger,AVAILABLE NOW,Binary (power_kw >= 30),0.0,True,"Binary flag (power_kw >= 30). Derived from charger_power_kw, reflecting the station's hardware basis in station_calibration_mapping.csv."
ev_density,DERIVED,Vahan 4.0 Registration Registry,AVAILABLE NOW,Annual district 4W EV registrations normalized (0.0 to 1.0),0.0,True,Derived from processed Vahan 4.0 2024 annual registrations as static annual calibration parameter (not point-in-time stock).
nearby_charger_count_2km,DERIVED,Geospatial Haversine Radius Calculation,AVAILABLE NOW,Count of operational stations within 2.0 km radius,0.0,True,Hyper-local competition density calculated from processed BEE/OCM station coordinates.
nearby_charger_count_5km,DERIVED,Geospatial Haversine Radius Calculation,AVAILABLE NOW,Count of operational stations within 5.0 km radius,0.0,True,Regional competition density calculated from processed BEE/OCM station coordinates.
ev_to_charger_ratio,DERIVED,Derived (Vahan Registrations / Station Counts),AVAILABLE NOW,Total District EVs / (City Public Stations * 2.5),0.0,True,Infrastructure saturation index derived from processed reference data.
electricity_tariff,REAL,Central Electricity Authority / SERC Orders,AVAILABLE NOW,INR per kWh base tariff for station state,0.0,True,Official state base electricity tariff loaded from electricity_context.csv.
peak_tariff_indicator,DERIVED,Time-of-Day (ToD) Tariff Orders,AVAILABLE NOW,Binary flag if hour falls within state ToD peak surcharge window,0.0,True,Disincentivizes charging during peak grid strain based on CEA state schedules.
grid_condition,UNAVAILABLE,State Load Despatch Centres (SLDC) / DISCOM SCADA,UNAVAILABLE,Real-time transformer loading / feeder stress factor,1.0,False,Real-time grid loading telemetry is unavailable in open public registries; proxied via CEA ToD peak tariff schedules.
lag_1h,SYNTHETIC_CALIBRATED,Temporal History (Past Synthetic Target),AVAILABLE NOW,demand_value[t-1] per charger,0.0,True,Immediate prior hour synthetic demand (strictly past observations; zero future leakage).
lag_24h,SYNTHETIC_CALIBRATED,Temporal History (Past Synthetic Target),AVAILABLE NOW,demand_value[t-24] per charger,0.0,True,Identical hour yesterday synthetic demand (strictly past observations; zero future leakage).
rolling_3h_mean,SYNTHETIC_CALIBRATED,Temporal History (Past Synthetic Target),AVAILABLE NOW,mean(demand_value[t-3:t]) per charger,0.0,True,Short-term moving demand trend strictly across past observations [t-3 to t-1]; excludes current target.
utilization,SYNTHETIC_OPERATIONAL,Simulated Station Telemetry,AVAILABLE NOW,Simulated bay occupancy fraction (0.0 to 1.0),0.0,True,Simulated operational utilization; strictly excluded from model predictors to prevent target leakage.
active_bookings,SYNTHETIC_OPERATIONAL,Simulated Reservation Queue,AVAILABLE NOW,Integer active driver bookings,0.0,True,Simulated driver reservations; strictly excluded from model predictors to prevent target leakage.
completed_sessions,SYNTHETIC_OPERATIONAL,Simulated Session History,AVAILABLE NOW,Integer completed charge sessions in hour,0.0,True,Simulated completed charges; strictly excluded from model predictors to prevent target leakage.
energy_consumed_kwh,SYNTHETIC_OPERATIONAL,Simulated Energy Draw,AVAILABLE NOW,power_kw * utilization * stochastic_draw_factor,0.0,True,Simulated energy draw physically bounded by power capacity; strictly excluded from model predictors.
demand_value,SYNTHETIC_CALIBRATED,Target Variable (Supervised Target),AVAILABLE NOW,"Continuous demand index in [0.05, 0.98]",0.0,True,Continuous multi-factor synthetic demand target index for XGBoost training.
