metric,value,status
total_raw_rows,72856.0,INFO
missing_values_count,0.0,PASSED
exact_duplicates,13.0,QUARANTINED
session_key_duplicates,34.0,DOCUMENTED
unparseable_timestamps,0.0,PASSED
inverted_timestamps_end_before_start,17.0,QUARANTINED
supplied_duration_le_zero,735.0,REFINED
sub_minute_sessions_zero_elapsed,530.0,VALID_SUB_MINUTE
recovered_valid_duration_from_timestamps,314.0,VALID_DERIVED_DURATION
duration_supplied_vs_timestamp_mismatch_gt_2min,2417.0,DOCUMENTED
non_numeric_demand,0.0,PASSED
non_positive_demand,0.0,PASSED
demand_min_kwh,0.01,INFO
demand_mean_kwh,17.4444,INFO
demand_median_kwh,14.1,INFO
demand_p90_kwh,37.56,INFO
demand_p99_kwh,58.91,INFO
demand_p999_kwh,68.3616,INFO
demand_max_kwh,97.0,INFO
invalid_charger_ids,0.0,PASSED
invalid_user_ids,0.0,PASSED
total_quarantined_sessions,30.0,QUARANTINED
total_valid_clean_sessions,72826.0,VALID
