UserID,ChargerID,ChargerCompany,Location,ChargerType,StartDay,StartTime,EndDay,EndTime,StartDatetime,EndDatetime,Duration,Demand,quarantine_reason,provenance,quality_status
329,214,1,public area,0,2022-02-12,7:22:40,2022-02-12,15:44:27,2022-02-12 7:22,2022-02-12 15:44,502,54.34,EXACT_DUPLICATE,REAL_EXTERNAL,QUARANTINED
329,214,1,public area,0,2022-02-15,19:29:42,2022-02-15,23:03:11,2022-02-15 19:29,2022-02-15 23:03,213,23.68,EXACT_DUPLICATE,REAL_EXTERNAL,QUARANTINED
329,214,1,public area,0,2022-02-17,18:53:55,2022-02-18,3:38:13,2022-02-17 18:53,2022-02-18 3:38,524,58.06,EXACT_DUPLICATE,REAL_EXTERNAL,QUARANTINED
461,371,1,apartment,0,2022-02-22,16:17:01,2022-02-22,21:38:44,2022-02-22 16:17,2022-02-22 21:38,322,37.74,EXACT_DUPLICATE,REAL_EXTERNAL,QUARANTINED
276,640,0,company,1,2022-02-26,9:23:02,2022-02-26,10:03:07,2022-02-26 9:23,2022-02-26 10:03,40,15.04,EXACT_DUPLICATE,REAL_EXTERNAL,QUARANTINED
1403,775,0,market,1,2022-02-15,15:04:54,2022-02-15,14:35:36,2022-02-15 15:04,2022-02-15 14:35,-29,11.68,INVERTED_TIMESTAMPS_END_BEFORE_START,REAL_EXTERNAL,QUARANTINED
1403,775,0,market,1,2022-02-24,14:27:44,2022-02-24,14:18:35,2022-02-24 14:27,2022-02-24 14:18,-9,34.56,INVERTED_TIMESTAMPS_END_BEFORE_START,REAL_EXTERNAL,QUARANTINED
1403,775,0,market,1,2022-01-17,14:47:03,2022-01-17,14:39:24,2022-01-17 14:47,2022-01-17 14:39,-8,17.77,INVERTED_TIMESTAMPS_END_BEFORE_START,REAL_EXTERNAL,QUARANTINED
37,778,0,market,1,2022-04-29,18:58:46,2022-04-29,18:52:20,2022-04-29 18:58,2022-04-29 18:52,-6,31.9,INVERTED_TIMESTAMPS_END_BEFORE_START,REAL_EXTERNAL,QUARANTINED
55,778,0,market,1,2022-05-07,16:24:20,2022-05-07,16:03:03,2022-05-07 16:24,2022-05-07 16:03,-21,13.39,INVERTED_TIMESTAMPS_END_BEFORE_START,REAL_EXTERNAL,QUARANTINED
74,778,0,market,1,2022-04-29,15:48:51,2022-04-29,15:43:07,2022-04-29 15:48,2022-04-29 15:43,-6,19.36,INVERTED_TIMESTAMPS_END_BEFORE_START,REAL_EXTERNAL,QUARANTINED
92,778,0,market,1,2022-03-27,15:17:53,2022-03-27,15:10:38,2022-03-27 15:17,2022-03-27 15:10,-7,20.99,INVERTED_TIMESTAMPS_END_BEFORE_START,REAL_EXTERNAL,QUARANTINED
92,778,0,market,1,2022-02-05,18:52:39,2022-02-05,18:50:15,2022-02-05 18:52,2022-02-05 18:50,-2,31.59,INVERTED_TIMESTAMPS_END_BEFORE_START,REAL_EXTERNAL,QUARANTINED
266,778,0,market,1,2022-05-08,12:02:28,2022-05-08,11:42:02,2022-05-08 12:02,2022-05-08 11:42,-20,3.28,INVERTED_TIMESTAMPS_END_BEFORE_START,REAL_EXTERNAL,QUARANTINED
326,778,0,market,1,2022-01-09,14:29:15,2022-01-09,14:20:28,2022-01-09 14:29,2022-01-09 14:20,-9,31.68,INVERTED_TIMESTAMPS_END_BEFORE_START,REAL_EXTERNAL,QUARANTINED
1768,778,0,market,1,2022-04-07,12:25:32,2022-04-07,12:12:11,2022-04-07 12:25,2022-04-07 12:12,-13,53.24,INVERTED_TIMESTAMPS_END_BEFORE_START,REAL_EXTERNAL,QUARANTINED
1956,854,0,public area,1,2022-02-15,6:19:05,2022-02-15,7:36:38,2022-02-15 6:19,2022-02-15 7:36,78,49.07,EXACT_DUPLICATE,REAL_EXTERNAL,QUARANTINED
582,900,0,public parking lot,1,2022-02-24,9:49:03,2022-02-24,10:29:04,2022-02-24 9:49,2022-02-24 10:29,40,18.29,EXACT_DUPLICATE,REAL_EXTERNAL,QUARANTINED
55,922,0,market,1,2022-04-09,11:29:43,2022-04-09,11:23:46,2022-04-09 11:29,2022-04-09 11:23,-6,41.08,INVERTED_TIMESTAMPS_END_BEFORE_START,REAL_EXTERNAL,QUARANTINED
1474,922,0,market,1,2022-05-05,17:48:01,2022-05-05,17:31:39,2022-05-05 17:48,2022-05-05 17:31,-16,51.99,INVERTED_TIMESTAMPS_END_BEFORE_START,REAL_EXTERNAL,QUARANTINED
1766,922,0,market,1,2022-04-17,18:59:44,2022-04-17,18:54:21,2022-04-17 18:59,2022-04-17 18:54,-5,15.04,INVERTED_TIMESTAMPS_END_BEFORE_START,REAL_EXTERNAL,QUARANTINED
228,1045,0,public area,1,2022-02-26,18:24:08,2022-02-26,18:39:59,2022-02-26 18:24,2022-02-26 18:39,16,10.54,EXACT_DUPLICATE,REAL_EXTERNAL,QUARANTINED
615,1094,0,hotel,0,2022-02-05,20:36:57,2022-02-05,22:40:37,2022-02-05 20:36,2022-02-05 22:40,124,13.93,EXACT_DUPLICATE,REAL_EXTERNAL,QUARANTINED
1575,1229,0,market,1,2022-03-19,15:32:26,2022-03-19,15:24:33,2022-03-19 15:32,2022-03-19 15:24,-8,37.97,INVERTED_TIMESTAMPS_END_BEFORE_START,REAL_EXTERNAL,QUARANTINED
1575,1229,0,market,1,2022-03-22,17:19:11,2022-03-22,16:55:39,2022-03-22 17:19,2022-03-22 16:55,-24,25.49,INVERTED_TIMESTAMPS_END_BEFORE_START,REAL_EXTERNAL,QUARANTINED
1146,1341,0,hotel,0,2022-02-04,18:13:23,2022-02-05,1:00:26,2022-02-04 18:13,2022-02-05 1:00,407,32.11,EXACT_DUPLICATE,REAL_EXTERNAL,QUARANTINED
140,1347,0,market,1,2022-03-30,13:20:34,2022-03-30,13:04:57,2022-03-30 13:20,2022-03-30 13:04,-16,23.1,INVERTED_TIMESTAMPS_END_BEFORE_START,REAL_EXTERNAL,QUARANTINED
156,1450,0,public parking lot,1,2022-02-21,12:03:16,2022-02-21,12:43:16,2022-02-21 12:03,2022-02-21 12:43,40,13.56,EXACT_DUPLICATE,REAL_EXTERNAL,QUARANTINED
1955,2086,0,public area,1,2022-02-24,16:37:14,2022-02-24,16:52:12,2022-02-24 16:37,2022-02-24 16:52,15,7.35,EXACT_DUPLICATE,REAL_EXTERNAL,QUARANTINED
1858,2605,0,apartment,0,2022-02-27,22:12:35,2022-02-28,4:29:06,2022-02-27 22:12,2022-02-28 4:29,377,22.6,EXACT_DUPLICATE,REAL_EXTERNAL,QUARANTINED
